{"schemaVersion":"1.0","appDefinitionTemplate":{"id":"/providers/Microsoft.PowerApps/apps/","type":"Microsoft.PowerApps/apps","tags":{"primaryDeviceWidth":"640","primaryDeviceHeight":"1136","sienaVersion":"20210506T100142Z-3.21043.23.0","deviceCapabilities":"","supportsPortrait":"true","supportsLandscape":"true","primaryFormFactor":"Phone","publisherVersion":"3.21043.23","minimumRequiredApiVersion":"2.2.0","hasComponent":"true","hasUnlockedComponent":"true","isUnifiedRootApp":"false"},"properties":{"appVersion":"2021-05-06T10:01:42Z","lifeCycleId":"Published","createdByClientVersion":{"major":3,"minor":21043,"build":23,"revision":0,"majorRevision":0,"minorRevision":0},"minClientVersion":{"major":3,"minor":21043,"build":23,"revision":0,"majorRevision":0,"minorRevision":0},"backgroundColor":"rgba(0, 176, 240, 1)","backgroundImageUri":"/14461084749257099969/N3b1d3d25-581e-478a-83bb-13b54309e38a-logoSmallFile","displayName":"App","description":"","commitMessage":"","appUris":{"documentUri":{"value":"/14461084749257099969/Na56e364f-2682-407b-88c6-1c68aac90d35-document.msapp"},"imageUris":[]},"createdTime":"0001-01-01T00:00:00Z","lastModifiedTime":"0001-01-01T00:00:00Z","sharedGroupsCount":0,"sharedUsersCount":0,"icons":{"smallIconUri":"/14461084749257099969/N514e6fa7-39ba-4bcd-b3c0-ecaff2aeb66f-small.png","mediumIconUri":"/14461084749257099969/N9f20b0bf-0010-4e8c-b89b-9c44b95f3f56-medium.png","largeIconUri":"/14461084749257099969/Nb229b604-c182-4728-8afc-1cdffff74f29-large.png","wideIconUri":"/14461084749257099969/N5c4075d9-fc9c-4eb7-b6f5-e5e68db8fe06-wide.png"},"connectionReferences":{"7b4b4e59-1fd2-4ea0-bb03-57250c440dee":{"id":"838b9fe4-1916-44ba-a900-5bff36918490","displayName":"Office 365 Outlook","iconUri":"https://connectoricons-prod.azureedge.net/releases/v1.0.1465/1.0.1465.2409/office365/icon.png","dataSources":["Office365Outlook"],"dependencies":[],"dependents":[],"parameterHints":{},"isOnPremiseConnection":false,"bypassConsent":false,"dataSets":{},"apiTier":"Standard","isCustomApiConnection":false},"bc042d68-a494-456c-894c-d5a1cf739aa1":{"id":"d593503e-1e6d-41cc-bc56-5298cb1049c3","displayName":"Office 365 Users","iconUri":"https://connectoricons-prod.azureedge.net/releases/v1.0.1460/1.0.1460.2389/office365users/icon.png","dataSources":["Office365Users"],"dependencies":[],"dependents":[],"parameterHints":{},"isOnPremiseConnection":false,"bypassConsent":false,"dataSets":{},"apiTier":"Standard","isCustomApiConnection":false},"2c643cfb-bb01-4807-8884-2ee6b77c1968":{"id":"f878e948-83fb-423a-b435-17f823180d01","displayName":"SharePoint","iconUri":"https://connectoricons-prod.azureedge.net/releases/v1.0.1465/1.0.1465.2409/sharepointonline/icon.png","dataSources":["Desk Booking Reservation List","Desk Booking App Floor Maps","Desk Booking App Desk IDs"],"dependencies":[],"dependents":[],"parameterHints":{},"isOnPremiseConnection":false,"bypassConsent":false,"dataSets":{"https://nbpower.sharepoint.com/sites/ICT2":{"dataSources":{"Desk Booking Reservation List":{"tableName":"70a96b48-a8f6-44f6-9afd-cc199426454a"},"Desk Booking App Floor Maps":{"tableName":"fbcf39cf-ebf8-41c1-88df-a541709da976"},"Desk Booking App Desk IDs":{"tableName":"719db660-1fb8-479d-9c83-46c0a9eb9b72"}}}},"apiTier":"Standard","isCustomApiConnection":false}},"databaseReferences":{},"almMode":"Environment","performanceOptimizationEnabled":true,"canConsumeAppPass":true,"executionRestrictions":{"isTeamsOnly":false,"dataLossPreventionEvaluationResult":{"status":"Compliant","lastEvaluationDate":"2021-03-20T06:51:23.183471Z","violationDetails":[]}}},"isAppComponentLibrary":false,"appType":"ClassicCanvasApp","appComponents":[]}}